,Dataset,Accuracy,Avg_uncertainty,Avg_Confidence,ECE,AUROC,N
0,boolq,0.79,2.417503234565258,0.5871412000328822,0.20285879996711795,0.6731766124171188,500
1,gsm8k,0.69,43.42515849924087,0.6455724707364116,0.10446752926358839,0.7996633941093969,500
2,squad,0.8903225806451613,1.2831431531137036,0.7802258064516129,0.12151612903225806,0.835997442455243,310
3,trivia,0.61,9.07256457708776,0.65186,0.1491,0.8381000420344683,500
