,Dataset,Accuracy,Avg_uncertainty,Avg_Confidence,ECE,AUROC,N
0,boolq,0.79,0.6223587450832129,0.6300583715347104,0.1599416284652895,0.6872573839662447,500
1,gsm8k,0.6803921568627451,14.657972880438262,0.6521919643289709,0.08089784668191204,0.7862396350842452,510
2,squad,0.8903225806451613,0.4760574367077601,0.8322903225806452,0.06177419354838709,0.8440430520034101,310
3,trivia,0.608,3.4373176354393364,0.6866199999999999,0.16674,0.8410982814178303,500
