Dataset,Method,Accuracy,ECE,AUROC,Valid Samples
GSM8K,Single Sample,0.6508097165991903,0.3354251012145748,0.5482205242635293,988
GSM8K,Multi-Sample (Individual),0.14,0.3272938652595673,0.5142857142857142,106
GSM8K,Multi-Sample (Aggregated),0.14,0.3272938652595673,0.5142857142857142,106
BoolQ,Single Sample,0.7584789311408017,0.1459035159550637,0.6457884339080462,973
BoolQ,Multi-Sample (Aggregated),0.7804878048780488,0.1459035159550637,0.6457884339080462,492
SQuAD,Single Sample,0.8290322580645161,0.12366771159874607,0.5730724600309437,638
SQuAD,Multi-Sample (Aggregated),0.8290322580645161,0.11763737533597025,0.7218265912928566,310
TriviaQA,Single Sample,0.5,0.3089939637826961,0.700139266744397,994
TriviaQA,Multi-Sample (Aggregated),0.5112474437627812,0.21579216704988247,0.6449121338912134,489
