model_score,AUROC,PR-AUC(AP)
mean_similarity,0.7393849716932579,0.7269289351785612
std_similarity,0.416189526505404,0.4873637232911774
uncertainty,0.2606150283067421,0.3948567343055045
