model_score,AUROC,PR-AUC(AP)
mean_similarity,0.6847048300536671,0.9161894496358299
std_similarity,0.3808884913536076,0.8007401873188351
