model_score,AUROC,PR-AUC(AP)
mean_similarity,0.7602586262083094,0.7405174945080184
std_similarity,0.6690352730298958,0.7232911858479193
