model_score,AUROC,PR-AUC(AP)
mean_similarity,0.7046908315565032,0.9350976128636904
std_similarity,0.4288379530916845,0.8512105096572444
uncertainty,0.2953091684434968,0.7873872116340628
