model_score,AUROC,PR-AUC(AP)
mean_similarity,0.7014062399897496,0.7106536443657783
std_similarity,0.4316259850086489,0.5074866469171684
