model_score,AUROC,PR-AUC(AP)
mean_similarity,0.648454157782516,0.9159151149076872
std_similarity,0.4271499644633973,0.8505588313088474
