model_score,AUROC,PR-AUC(AP)
mean_similarity,0.7085569469290399,0.9268827841835552
std_similarity,0.3583035181872391,0.7856479000915862
uncertainty,0.29144305307096,0.7370585462665253
