model_score,AUROC,PR-AUC(AP)
mean_similarity,0.7930372148859544,0.8049093466583292
std_similarity,0.5782312925170069,0.5964361885071543
uncertainty,0.20696278511404562,0.3555682243442311
