model_score,AUROC,PR-AUC(AP)
mean_similarity,0.757864052790057,0.7527087140688921
std_similarity,0.37846755077199046,0.4550672158832728
uncertainty,0.242135947209943,0.37059960328108493
