model_score,AUROC,PR-AUC(AP)
mean_similarity,0.6791205609881626,0.6921591319018203
std_similarity,0.43811116829644886,0.5334303742949948
