model_score,AUROC,PR-AUC(AP)
mean_similarity,0.793243070225978,0.7489248007484488
std_similarity,0.6749327827923949,0.7127548362826678
