Dataset,Accuracy,Avg_Confidence,ECE,AUROC,N
boolq,0.79,0.9755389012473407,0.2068165832165679,0.6870644966847499,500
squad,0.8903225806451613,0.9826451612903226,0.09645161290322574,0.8205988917306052,310
trivia,0.608,0.9191400000000001,0.31738,0.8349473012889366,500
