Dataset,Accuracy,Avg_Confidence,ECE,AUROC,N
boolq,0.79,0.5973479886923365,0.19265201130766338,0.6875467148884871,500
squad,0.8903225806451613,0.7935806451612903,0.09674193548387096,0.8457480818414322,310
trivia,0.608,0.6360600000000001,0.11485999999999999,0.8419206498388829,500
