Dataset,Accuracy,Avg_Confidence,ECE,AUROC,N
boolq,0.79,0.9755389012473407,0.2068165832165679,0.6870644966847499,500
squad,0.5096774193548387,0.9823925207451188,0.47271510139028,0.7193954030646236,310
trivia,0.478,0.9188717449126634,0.4408717449126632,0.8906843649305055,500
