Dataset,Accuracy,Avg_Confidence,ECE,AUROC,N
boolq,0.79,0.6499410026017887,0.14567243805159077,0.6872573839662447,500
squad,0.8903225806451613,0.8339032258064516,0.06100000000000003,0.845428388746803,310
trivia,0.608,0.68922,0.16934,0.8423318340494093,500
